{
  "camera": {
    "type": "orthogonal",
    "scale": 2,
    "near_clip": 0.10000000149011612,
    "far_clip": 100.0,
    "transform": [
      -0.6859207153320312,
      -0.32401347160339355,
      -0.6515582203865051,
      5.542325019836426,
      -0.7276763319969177,
      0.3054208755493164,
      0.6141703724861145,
      -4.674445152282715,
      4.011331711240018e-09,
      0.8953956365585327,
      -0.44527146220207214,
      3.8037607669830322,
      0.0,
      0.0,
      0.0,
      1.0
    ]
  },
  "externals": [
    {
      "filename": "base.json"
    }
  ]
}